Author,Work,Book,Chapter,Line,Latin,English
Vitruvius,De Architectura,1,2,8,"Distributio autem est copiarum locique commodadispensatio parcaque in operibus sumptus rationetemperatio. haec ita observabitur, si primum architectusea non quaeret, quae non poterunt inveniri aut parari nisimagno. namque non omnibus locis harenae fossiciae neccaementorum nec abietis nec sappinorum nec marmoriscopia est, sed aliud alio loco nascitur, quorumcomportationes difficiles sunt et sumptuosae. utendumautem est, ubi non est harena fossicia, fluviatica autmarina lota; inopiae quoque abietis aut sappinorumvitabuntur utendo cupresso, populo, ulmo, pinu; reliquaque his similiter erunt explicanda.","Economy consists in a due and proper application of the means afforded according to the ability of the employer and the situation chosen; care being taken that the expenditure is prudently conducted. In this respect the architect is to avoid the use of materials which are not easily procured and prepared on the spot. For it cannot be expected that good pit-sand, stone, fir of either sort, or marble, can be procured every where in plenty, but they must, in some instances, be brought from a distance, with much trouble and at great expense. In such cases, river or sea-sand may be substituted for pit-sand; cypress, poplar, elm, and pine, for the different sorts of fir; and the like of the rest, according to circumstances."
Vitruvius,De Architectura,1,5,8,"De ipso autem muro, e qua materia struatur autperficiatur, ideo non est praefiniendum, quod in omnibuslocis, quas optamus copias, eas non possumus habere. sedubi sunt saxa quadrata sive silex seu caementum autcoctus later sive crudus, his erit utendum. non enim, utiBabylone abundantes liquido bitumine pro calce et harenaex cocto latere factum habent murum, sic item possuntomnes regiones seu locorum proprietates habere tantaseiusdem generis utilitates, uti ex his comparationibus adaeternitatem perfectus habeatur sine vitio murus.","I do not think it requisite to dilate on the materials whereof the wall should be composed; because those which are most desirable, cannot, from the situation of a place, be always procured. We must, therefore, use what are found on the spot; such as square stones, flint, rubble stones, burnt or unburnt bricks; for every place is not provided, as is Babylon, with such a substitute for lime and sand as burnt bricks and liquid bitumen; yet there is scarcely any spot which does not furnish materials whereof a durable wall may not be built."
Vitruvius,De Architectura,2,1,7,"Tum autem struentes animose et aevo prospicientesmaioribus cogitationibus ex varietate artium natis, noncasas sed etiam domos fundatas et latericiis parietibus aute lapide structas materiaque et tegula tectas perficerecoeperunt, deinde observationibus studiorum evagantibus iudiciis et incertis ad certas symmetriarumperduxerunt rationes. posteaquam animadverteruntprofusos esse partus naturae et abundantem materiaecopiam ad aedificationes ab ea comparatam, tractandonutrierunt et auctam per artes ornaverunt voluptatibuselegantiam vitae. igitur de his rebus, quae sunt inaedificiis ad usum idoneae, quibusque sunt qualitatibus etquas habeant virtutes, ut potuero, dicam.","From the courage which his gradual success naturally excited, and his engagement in those various speculations with which the arts are connected, his ideas expanded; and from building huts he soon proceeded to the erection of houses constructed with brick walls or with stones, whose roofs were of timber covered with tiles. Thus by experience and observation the knowledge of certain proportions was attained, which in the beginning were fluctuating and uncertain; and advantage being taken of the bounty of nature, in her supply of timber and other building materials, the rising art was so cultivated that by the help of other arts mere necessity was lost sight of; and by attending to the comforts and luxuries of civilized society, it was carried to the highest degree of perfection. I shall now, to the best of my ability, proceed to treat of those materials which are used in building, their quality, and use."
Vitruvius,De Architectura,2,4,3,"Fossiciae vero celeriter in structuris siccescunt, et tectoriapermanent, et concamerationes patiuntur, sed eae, quaesunt de harenariis recentes. si enim exemptae diutiusiacent, ab sole et luna et pruina concoctae resolvuntur etfiunt terrosae. ita cum in structuram coiciuntur, nonpossunt continere caementa, sed ea ruunt et labunturoneraque parietes non possunt sustinere. recentes autemfossiciae cum in structuris tantas habeant virtutes, eae intectoriis ideo non sunt utiles, quod pinguitudini eius calxcommixta propter vehementiam non potest sine rimisinarescere. fluviatica vero propter macritatem utisigninum liaculorum subactionibus in tectorio recipitsoliditatem.","but plaster readily adheres to and dries on walls built with new pit sand, and vaulting may safely spring from them. If sand have been dug a long time, and exposed to the sun, the moon, and the rain, it loses its binding quality, and becomes earthy; neither when used does it bind the rubble stones together so as to prevent them sliding on their beds and falling out: nor is it fit to be used in walls where great weights are to be supported. Though pit sand is excellent for mortar, it is unfit for plastering; for being of such a rich quality, when added to the lime and straw, its great strength does not suffer it to dry without cracks. The poorness of the river sand, when tempered with beaters, makes the plastering as hard as cement."
Vitruvius,De Architectura,2,5,1,"De harenae copiis cum habeatur explicatum, tum etiam decalce diligentia est adhibenda, uti de albo saxo aut silicecoquatur; et quae erit ex spisso et duriore, erit utilis instructura, quae autem ex fistuloso, in tectoriis. cum ea eritextincta, tunc materia ita misceatur, ut, si erit fossicia,tres harenae et una calcis infundatur; si autem fluviaticaaut marina, duo harenae, una calcis coiciatur. ita enim eritiusta ratio mixtionis temperaturae. etiam in fluviatica autmarina si qui testam tunsam et succretam ex tertia parteadiecerit, efficiet materiae temperaturam ad usummeliorem.","Having treated of the different sorts of sand, we proceed to an explanation of the nature of lime, which is burnt either from white stone or flint. That which is of a close and hard texture is better for building walls; as that which is more porous is better for plastering. When slaked for making mortar, if pit sand be used, three parts of sand are mixed with one of lime. If river or sea sand be made use of, two parts of sand are given to one of lime, which will be found a proper proportion. If to river or sea sand, potsherds ground and passed through a sieve, in the proportion of one third part, be added, the mortar will be better for use."
Vitruvius,De Architectura,2,5,2,"Quare autem cum recipit aquam et harenam calx, tuncconfirmat structuram, haec esse causa videtur, quod eprincipiis, uti cetera corpora, ita et saxa sunt temperata. etquae plus habent aeris, sunt tenera; quae aquae, lentasunt ab umore; quae terrae, dura; quae ignis, fragiliora.itaque ex his saxa si, antequam coquantur, contusaminute mixta harenae in structuram coiciantur, nonsolidescunt nec eam poterunt continere. cum veroconiecta in fornacem ignis vehementi fervore correptaamiserint pristinae soliditatis virtutem, tunc exustis atqueexhaustis eorum viribus relinquuntur patentibusforaminibus et inanibus.","The cause of the mass becoming solid when sand and water are added to the lime, appears to be, that stones, like other bodies, are a compound of elements: those which contain large quantities of air being soft, those which have a great proportion of water being tough, of earth, hard, of fire, brittle. For stones which, when burnt, would make excellent lime, if pounded and mixed with sand, without burning, would neither bind the work together, nor set hard; but having passed through the kiln, and having lost the property of their former tenacity by the action of intense heat, their adhesiveness being exhausted, the heat being partially retained, when the substance is immersed in water before the heat can be dissipated, it acquires strength by the water rushing into all its pores, effervesces, and at last the heat is excluded."
Vitruvius,De Architectura,2,5,3,"(ideo autem, quo pondere saxa coiciuntur in fornacem, cum eximuntur, non possunt ad id respondere, sed cumexpenduntur, permanente ea magnitudine, excoctoliquore circiter tertia parte ponderis inminuta esseinveniuntur.) Ergo liquor, qui est in eius lapidis corpore, et aer cum exustus et ereptus fuerit, habueritque in seresiduum calorem latentem, prius quem ex ignis virecepit, intinctus in aqua, umore penetrante inforaminum raritates, confervescit et ita refrigeratus reicitex calcis corpore fervorem. igitur cum patent foraminaeorum et raritates, harenae mixtionem in se corripiunt etita cohaerescunt siccescendoque cum caementis coeunt etefficiunt structurarum soliditatem.","Hence, limestone, previous to its burning, is much heavier than it is after having passed through the kiln: for, though equal in bulk, it is known, by the abstraction of the moisture it previously contained, to lose one-third of its weight by the process. The pores of limestone, being thus opened, it more easily takes up the sand mixed with it, and adheres thereto; and hence, in drying, binds the stones together, by which sound work is obtained."
Vitruvius,De Architectura,2,6,1,"Est etiam genus pulveris, quod efficit naturaliter resadmirandas. nascitur in regionibus Baianis in agrismunicipiorum, quae sunt circa Vesuvium montem. quodcommixtum cum calce et caemento non modo ceterisaedificiis praestat firmitates, sed etiam moles cumstruuntur in mari, sub aqua solidescunt. hoc autem fierihac ratione videtur, quod sub his montibus et terraeferventes sunt et fontes crebri, qui non essent, si non inimo haberent aut e sulphure aut alumine aut bitumineardentes maximos ignes. igitur penitus ignis et flammaevapor per intervenia permanans et ardens efficit levemeam terram, et ibi quod nascitur tofus exsurgens, est sineliquore. ergo cum tres res consimili ratione ignisvehementia foratae in unam pervenerint mixtionem, repente recepto liquore una cohaerescunt et celeriterumore duratae solidantur, neque eas fluctus neque visaquae potest dissolvere.","There is a species of sand which, naturally, possesses extraordinary qualities. It is found about Baiæ and the territory in the neighbourhood of Mount Vesuvius; if mixed with lime and rubble, it hardens as well under water as in ordinary buildings. This seems to arise from the hotness of the earth under these mountains, and the abundance of springs under their bases, which are heated either with sulphur, bitumen, or alum, and indicate very intense fire. The inward fire and heat of the flame which escapes and burns through the chinks, makes this earth light; the sand-stone (tophus), therefore, which is gathered in the neighbourhood, is dry and free from moisture. Since, then, three circumstances of a similar nature, arising from the intensity of the fire, combine in one mixture, as soon as moisture supervenes, they cohere and quickly harden through dampness; so that neither the waves nor the force of the water can disunite them."
Vitruvius,De Architectura,2,6,2,"Ardores autem esse in his locis etiam haec res potestindicare, quod in montibus Cumanorum Baianis sunt locasudationibus excavata, in quibus vapor fervidus ab imonascens ignis vehementia perforat eam terram pereamque manando in his locis oritur et ita sudationumegregias efficit utilitates. non minus etiam memoranturantiquitus crevisse ardores et abundavisse sub Vesuviomonte et inde evomuisse circa agros flammam. ideoquetunc quae spongia sive pumex Pompeianus vocaturexcocto ex alio genere lapidis in hanc redacta esse videturgeneris qualitatem.","That these lands are affected with heat, as surmised, is evident, because in the mountains of Cumæ and at Baiæ, sweating places are excavated, in which the hot vapour rising upwards from the intensity of the fire, strikes through the earth, and so escapes in these places that they are singularly beneficial for the purpose. It is moreover said that in former times fires under Vesuvius existed in abundance, and thence evolved flames about the fields. Thus that which we call sponge-stone, or Pompeian pumice-stone, burnt from another species of stone, appears to be acted on by fire so as to possess a quality of this sort."
Vitruvius,De Architectura,2,6,3,"Id autem genus spongiae, quod inde eximitur, non inomnibus locis nascitur nisi circum Aetnam et collibusMysiae, quae a Graecis ????????????? nominatur, et siquae eiusdem modi sunt locorum proprietates. si ergo inhis locis aquarum ferventes inveniuntur fontes etmontibus excavatis calidi vapores ipsaque loca ab antiquismemorantur pervagantes in agris habuisse ardores, videtur esse certum ab ignis vehementia ex tofo terraque, quemadmodum in fornacibus ex calce, ita ex his ereptumesse liquorem.","The species of sponge-stone, however, thence obtained, is not found except in the neighbourhood of Ætna and the hills of Mysia, which the Greeks call ??????????????, and places of such description. If, therefore, in these places hot springs and heated vapours are found in the cavities of the mountains, and the spots are recorded by the antientsº to have been subject to fires issuing out of the lands, it seems certain that the moisture is extracted from the sand-stone and earth in their neighbourhood, by the strength of the fire, as from lime-stone in a kiln."
Vitruvius,De Architectura,2,6,5,"Omnibus locis et regionibus non eadem genera terrae neclapides nascuntur, sed nonnulla sunt terrena, aliasabulosa itemque glareosa, aliis locis harenosa, non minusmateria, et omnino dissimili disparique genere inregionum varietatibus qualitates insunt in terra. maximeautem id sic licet considerare, quod, qua monsAppenninus regiones Italiae Etruriaeque circa cingit, prope in omnibus locis non desunt fossicia harenaria, trans Appenninum vero, quae pars est ad Adriaticummare, nulla inveniuntur, item Achaia, Asia, omnino transmare, nec nominantur quidem. igitur non in omnibuslocis, quibus effervent aquae calidae crebri fontes, eaedemopportunitates possunt similiter concurrere, sed omnia, uti natura rerum constituit, non ad voluptatem hominum, sed ut fortuito disparata procreantur.","All lands do not possess similar qualities; nor is stone universally found. Some lands are earthy, others gravelly, others gritty, others sandy: in short, the quality of land, in different parts of the earth, varies as much as even the climate itself. For instance; on the side of the Apennines towards Tuscany, sand-pits are found in abundance; whereas, on the other side of the Apennines, facing the Adriatic, none are discoverable: so also in Achaia, Asia, and universally on the other side of the sea, such things are not known. It does not therefore follow, that in all places abounding with hot springs all other circumstances should be similar. Nature has not made all things to suit the convenience of man, but differently and fortuitously."
Vitruvius,De Architectura,2,6,6,"Ergo quibus locis non sunt terrosi montes sed generemateriae, (est autem materiae potestas mollior quamtofus, solidior quam terra) ignis vis per eius venasegrediens adurit eam. quod est molle et tenerum, exurit, quod autem asperum, relinquit; quo penitus ab imovehementia vaporis adusto, nonnullis locis procreatur idgenus harenae, quod dicitur carbunculus. itaque utiCampania exusta terra cinis, sic in Etruria excocta materiaefficitur carbunculus. utraque autem sunt egregia instructuris, sed alia in terrenis aedificiis, alia etiam inmaritimis molibus habent virtutem.","Hence, in places where the mountains are not earthy, but of stone, the force of the fire escaping through the chinks burns that which is soft and tender, whilst that which is hard is left. Thus the earth of Campania, when burnt, becomes a powder; that of Tuscany a coal. Both of these are of great use in building, one species being very serviceable in land works, the other in works under water. In Tuscany, however, the quality of the material is softer than sandstone, but harder than earth; and from its entire subjection to the action of the sub-existing fire, it becomes that sort of sand which is called carbunculus."
Vitruvius,De Architectura,2,7,1,"De calce et harena, quibus varietatibus sint et quashabeant virtutes, dixi. sequitur ordo de lapidicinisexplicare, de quibus et quadrata saxa et caementorum adaedificia eximuntur copiae et comparantur. haec auteminveniuntur esse disparibus et dissimilibus virtutibus. sunt enim aliae molles, uti sunt circa urbem Rubrae, Pallenses, Fidenates, Albanae; aliae temperatae, utiTiburtinae, Amiterninae, Soractinae et quae sunt hisgeneribus; nonnullae durae, uti siliceae. sunt etiam aliagenera plura, uti in Campania rubrûm et nigrûm tofûm, inUmbria et Piceno et in Venetia albus, quod etiam serradentata uti lignum secatur."," I have described the different species of lime and sand, and their qualities. Stone quarries, from which square and rubble stones are procured and prepared for the purposes of building, will now be considered. The qualities of these differ very much. Some stone is soft; the red, for instance, found in the neighbourhood of Rome, in the countries of the Pallienses, Fidenates, and Albanæ. Some moderately so, as the Tiburtine, Amiternine, Soractine, and those of that sort. Others are hard, even as flints. There are many other species, as the red and black sandstone (tophus) of Campania, and the white sort of Umbria, Picenum, and Venice, which is cut with a saw like wood."
Vitruvius,De Architectura,2,7,2,"Sed haec omnia, quae mollia sunt, hanc habent utilitatem, quod ex his saxa cum sunt exempta, in opere facilitertractantur. et si sunt in locis tectis, sustineant laborem, siautem in apertis et patentibus, gelicidiis et pruinacongesta friantur et dissolvuntur. item secundum orammaritimam ab salsugine exesa diffluunt neque perferuntaestus. Tiburtina vero et quae eodem genere sunt omnia, sufferunt et ab oneribus et a tempestatibus iniurias, sedab igni non possunt esse tuta, simulque sunt ab eo tacta, dissiliunt et dissipantur, ideo quod temperatura naturaliparvo sunt umore itemque non multum habent terreni, sed aeris plurimum et ignis. igitur cum et umor etterrenum in his minus inest, tum etiam ignis, tactu et vivaporis ex his aere fugato, penitus insequensinterveniorum vacuitates occupans fervescit et efficit asuis ardentia corporibus carbonibus similia.","The soft species have this advantage, that when recently taken from the quarry they are easily worked, and answer well under cover; but when used in open and exposed situations, and subjected to the action of the frost and rain, they soon become friable, and moulder away. They are also much affected by the salt near the sea-shore, and are not capable of preserving their strength when exposed to great heat. The Tiburtine stones, and those of a similar nature, resist great weights no less than the action of the weather, but are easily injured by fire. The instant they are exposed to that they are ruined, from their possessing so small a quantity of moisture; their earthy particles, also, are few, and the quantity of air and fire in them considerable. Hence, from the small portion of earth and water which they contain, the fire easily acts upon them, and, occupying the interstices, drives out the air with accumulated violence, and communicates its own hot quality to them."
Vitruvius,De Architectura,2,7,3,"Sunt vero item lapidicinae complures in finibusTarquiniensium, quae dicuntur Anicianae, colorequemadmodum Albanae, quarum officinae maxime suntcirca lacum Vulsiniensem, item praefectura Statonensi. haec autem habent infinitas virtutes; neque enim hisgelicidiorum tempestas neque ignis tactus potest nocere, sed est firma et ad vetustatem ideo permanens, quodparum habet e naturae mixtione aeris et ignis, umorisautem temperate plurimumque terreni. ita spissiscomparationibus solidata neque ab tempestatibus nequeab ignis vehementia nocetur.","There are many quarries on the borders of the Tarquinienses, called the Anician quarries, in colour much resembling the Alban stone. They are worked in most abundance in the neighbourhood of the Volscinian lake, and in the prefecture of Statonia. This stone has numberless good qualities; neither frost nor fire affects it. It is hard and durable, from its containing but little air and fire, but a moderate quantity of moisture, and much earth. Close in texture, it is not injured by the weather nor by heat."
Vitruvius,De Architectura,2,7,4,"Id autem maxime iudicare licet e monumentis, quae suntcirca municipium Ferenti ex his facta lapidicinis. namquehabent et statuas amplas factas egregie et minora sigillafloresque et acanthos eleganter scalptos; quae, cum sintvetusta, sic apparent recentia, uti si sint modo facta. nonminus etiam fabri aerarii de his lapidicinis in aeris flaturaformis comparatis habent ex his ad aes fundendummaximas utilitates. quae si prope urbem essent, dignumesset, ut ex his officinis omnia opera perficerentur.",#VALUE!
Vitruvius,De Architectura,2,7,5,"Cum ergo propter propinquitatem necessitas cogat exRubris lapidicinis et Pallensibus et quae sunt urbiproximae copiis uti, si qui voluerit sine vitiis perficere, itaerit praeparandum. cum aedificandum fuerit, antebiennium ea saxa non hieme sed aestate eximantur etiacentia permaneant in locis patentibus. quae autem eobiennio a tempestatibus tacta laesa fuerint, ea infundamenta coiciantur; cetera, quae non erunt vitiata, abnatura rerum probata durare poterunt supra terramaedificata. nec solum ea in quadratis lapidibus suntobservanda, sed etiam in caementiciis structuris.","But as necessity, on account of proximity to the quarries, obliges us to use the red sort of stone, that of the Pallienses and other species in the immediate vicinity of the city, in order to find that which is least defective, let it be selected as follows. Two years before the commencement of the building, the stones should be extracted from the quarries in the summer season; by no means in the winter; and they should then be exposed to the vicissitudes and action of the weather. Those which, after two years' exposure, are injured by the weather, may be used in the foundations; but those which continue sound after this ordeal, will endure in the parts above ground. These rules apply equally to squared as to rubble or unsquared stone work."
Vitruvius,De Architectura,2,8,1,"Structurarum genera sunt haec: reticulatum, quo nuncomnes utuntur, et antiquum, quod incertum dicitur. exhis venustius est reticulatum, sed ad rimas faciendas ideoparatum, quod in omnes partes dissoluta habet cubilia etcoagmenta. incerta vero caementa alia super alia sedentiainter seque imbricata non speciosam sed firmiorem quamreticulata praestant structuram.","The different species of walls are, the RETICULATUM (net-like), a method now in general use, and the INCERTUM (uncertain), which is the antientº mode. The reticulatum is the most beautiful, but is very liable to split, from the beds of the stones being unstable, and its deficiency in respect of bond. The incertum, on the contrary, course over course, and the whole bonded together, does not present so beautiful an appearance, though stronger than the reticulatum."
Vitruvius,De Architectura,2,8,2,"Utraque autem ex minutissimis sunt instruenda, utimateria ex calce et harena crebriter parietes satiati diutiuscontineantur. molli enim et rara potestate cum sint, exsiccant sugendo e materia sucum; cum autem superaritet abundarit copia calcis et harenae, paries plus habensumoris non cito fiet evanidus, sed ab his continetur. simulautem umida potestas e materia per caementorumraritatem fuerit exsucta calxque ab harena discedat etdissolvatur, item caementa non possunt cum hiscohaerere, sed in vetustatem parietes efficiunt ruinosos.","Both species should be built of the smallest sized stones, that the walls, by sucking up, and attaching themselves to, the mortar, may last the longer. For as the stones are of a soft and porous nature, they absorb, in drying, the moisture of the mortar, and this, if used plentifully, will consequently exercise a greater cementing power; because from their containing a larger portion of moisture, the wall will not, of course, dry so soon as otherwise; and as soon as the moisture is absorbed by the pores of the stone from the mortar, the lime, losing its power, leaves the sand, so that the stones no longer adhere to it, and in a short time the work becomes unsound."
Vitruvius,De Architectura,2,8,3,"Id autem licet animadvertere etiam de nonnullismonumentis, quae circa urbem facta sunt e marmore seulapidibus quadratis intrinsecusque medio calcata: structuris vetustate evanida facta materiacaementorumque exsucta raritate, proruunt etcoagmentorum ab ruina dissolutis iuncturis dissipantur.","We may see this in several monuments about the city, which have been built of marble or of stones squared externally; that is, on the face, but filled up with rubble run with mortar. Time, in these, has taken up the moisture of the mortar, and destroyed its efficacy, by the porosity of the surface on which it acted. All cohesion is thus ruined, and the walls fall to decay."
Vitruvius,De Architectura,2,8,4,"Quodsi qui noluerit in id vitium incidere, medio cavoservato secundum orthostatas intrinsecus ex rubro saxoquadrato aut ex testa aut ex silicibus ordinariis struatbipedales parietes, et cum his ansis ferreis et plumbofrontes vinctae sint. ita enim non acervatim, sed ordinestructum opus poterit esse sine vitio sempiternum, quodcubilia et coagmenta eorum inter se sedentia et iuncturisalligata non protrudent opus neque orthostatas inter sereligatos labi patiuntur.","He who is desirous that this may not happen to his work, should build his two face walls two feet thick either of red stone or of brick or common flint, binding them together with iron cramps run with lead, and duly preserving the middle space or cavity. The materials, in this case, not being thrown in at random, but the work well brought up on the beds, the upright joints properly arranged, and the face walls, moreover, regularly tied together, they are not liable to bulge, nor be otherwise disfigured."
Vitruvius,De Architectura,2,8,5,"Itaque non est contemnenda Graecorum structura; nonenim utuntur e molli caemento structura polita, sed cumdiscesserunt a quadrato, ponunt de silice seu lapide duroordinaria, et ita uti latericia struentes alligant eorumalternis coriis coagmenta, et sic maxime ad aeternitatemfirmas perficiunt virtutes. haec autem duobus generibusstruuntur; ex his unum isodomum, alterumpseudisodomum appellatur.","In these respects one cannot refrain from admiring the walls of the Greeks. They make no use of soft stone in their buildings: when, however, they do not employ squared stone, they use either flint or hard stone; and, as though building with brick, they cross or break the upright joints, and thus produce the most durable work. There are two sorts of this species of work; one called ISODOMUM, the other PSEUDISODOMUM."
Vitruvius,De Architectura,2,8,6,"Isodomum dicitur, cum omnia coria aequa crassitudinefuerint structa; pseudisodomum, cum inpares etinaequales ordines coriorum diriguntur. ea utraque suntideo firma, primum quod ipsa caementa sunt spissa etsolida proprietate neque de materia possunt exsugereliquorem, sed conservant eam in suo umore ad summamvetustatem; ipsaque eorum cubilia primum plana etlibrata posita non patiuntur ruere materiam, sed perpetuaparietum crassitudine religata continent ad summamvetustatem.","The first is so called, because in it all the courses are of an equal height; the latter received its name from the unequal heights of the courses. Both these methods make sound work: first, because the stones are hard and solid, and therefore unable to absorb the moisture of the mortar, which is thus preserved to the longest period; secondly, because the beds being smooth and level, the mortar does not escape; and the wall moreover, bonded throughout its whole thickness, becomes eternal."
Vitruvius,De Architectura,2,8,7,"Altera est quam ????????? appellant, qua etiam nostrirustici utuntur. quorum frontes poliuntur, reliqua ita, utisunt nata, cum materia conlocata alternis alligantcoagmentis. sed nostri celeritati studentes, erectaconlocantes frontibus serviunt et in medio farciunt fractisseparatim cum materia caementis. ita tres suscitantur inea structura crustae, duae frontium et una media farturae. Graeci vero non ita, sed plana conlocantes et longitudineseorum alternis in crassitudinem instruentes, non mediafarciunt, sed e suis frontatis perpetuam et unamcrassitudinem parietum consolidant. praetereainterponunt singulos crassitudine perpetua utraque partefrontatos, quos ???????? appellant, qui maxime religandoconfirmant parietum soliditatem.",#VALUE!
Vitruvius,De Architectura,2,8,8,"Itaque si qui voluerit ex his commentariis animadvertereet eligere genus structurae, perpetuitatis poterit rationemhabere. non enim quae sunt e molli caemento subtili facievenustatis, non eae possunt esse in vetustate nonruinosae. itaque cum arbitri communium parietumsumuntur, non aestimant eos quanti facti fuerint, sed cumex tabulis inveniunt eorum locationes, pretiapraeteritorum annorum singulorum deducuntoctogesimas et ita—ex reliqua summa pro rata parte reddipro his parietibus— sententiam pronuntiant eos nonposse plus quam annos LXXX durare.","He, therefore, who is desirous of producing a lasting structure, is enabled, by what I have laid down, to choose the sort of wall that will suit his purpose. Those walls which are built of soft and smooth-looking stone, will not last long. Hence, when valuations are made of external walls, we must not put them at their original cost; but having found, from the register, the number of lettings they have gone through, we must deduct for every year of their age an eightieth part of such cost, and set down the remainder of the balance as their value, inasmuch as they are not calculated to last more than eighty years."
Vitruvius,De Architectura,2,8,9,"De latericiis vero, dummodo ad perpendiculum sintstantes, nihil deducitur, sed quanti fuerint olim facti, tantiesse semper aestimantur. itaque nonnullis civitatibus etpublica opera et privatas domos etiam regias e laterestructas licet videre: et primum Athenis murum, quispectat ad Hymettum montem et Pentelensem; itemPatris in aede Iovis et Herculis latericias cellas, cum circalapidea in aede epistylia sint et columnae; in Italia Arretiovetustum egregie factum murum. Trallibus domus regibusAttalicis facta, quae ad habitandum semper datur ei, quicivitatis gerit sacerdotium. item Lacedaemone equibusdam parietibus etiam picturae excisae intersectislateribus inclusae sunt in ligneis formis et in comitium adornatum aedilitatis Varronis et Murenae fuerunt adlatae.","This is not the practice in the case of brick walls, which, whilst they stand upright, are always valued at their first cost. Hence, in some states, not only public and private buildings, but even royal structures, are built of brick. We may instance that part of the wall at Athens towards Mounts Hymettus and Pentelicus, the temples of Jupiter and Hercules, in which the cells are of brick, whilst the columns and their entablatures are of stone, in Italy the antientº and exquisitely wrought wall of Arezzo, and at Tralles a palace for the Attalic kings, which is the official residence of the priest. Some pictures painted on brick walls at Sparta, after being cut out, were packed up in wooden cases and transported to the Comitium to grace the Ædileship of Varro and Murena."
Vitruvius,De Architectura,2,8,16,"Cum ergo tam magna potentia reges non contempserintlatericiorum parietum structuras, quibus ex vectigalibuset praeda saepius licitum fuerat non modo caementicioaut quadrato saxo sed etiam marmoreo habere, non putooportere inprobare quae sunt e latericia structura factaaedificia, dummodo recte sint tecta. sed id genus quid itapopulo Romano in urbe fieri non oporteat, exponam,quaeque sunt eius rei causae et rationes, nonpraetermittam.","If therefore, kings of such great power did not despise brick buildings, those who, from their great revenue and spoils in war, can afford the expence not only of squared and rough stone, but even of marble buildings, must not despise brick structures when well executed. I shall now explain why this species of walls is not permitted in the city of Rome, and also why such walls ought not to be permitted."
Vitruvius,De Architectura,2,8,17,"Leges publicae non patiuntur maiores crassitudines quamsesquipedales constitui loco communi; ceteri autemparietes, ne spatia angustiora fierent, eadem crassitudineconlocantur. latericii vero, nisi diplinthii aut triplinthiifuerint, sesquipedali crassitudine non possunt plus quamunam sustinere contignationem. in ea autem maiestateurbis et civium infinita frequentia innumerabileshabitationes opus est explicare. ergo cum recipere nonpossint areae planatae tantam multitudinem adhabitandum in urbe, ad auxilium altitudinis aedificiorumres ipsa coegit devenire. itaque pilis lapideis, structuristestaceis, parietibus caementiciis altitudines extructaecontignationibus crebris coaxatae cenaculorum adsummas utilitates perficiunt despectationes. ergomoenibus e contignationibus areis alto spatiomultiplicatis populus Romanus egregias habet sineinpeditione habitationes.","The public laws forbid a greater thickness than •one foot and a half to be given to walls that abut on a public way, and the other walls, to prevent loss of room, are not built thicker. Now brick walls, unless of the thickness of two or three bricks, at all events of at least one foot and a half, are not fit to carry more than one floor, so that from the great population of the city innumerable houses would be required. Since, therefore, the area it occupies would not in such case contain the number to be accommodated, it became absolutely necessary to gain in height that which could not be obtained on the plan. Thus by means of stone piers or walls of burnt bricks or unsquared stones, which were tied together by the timbers of the several floors, they obtained in the upper story excellent dining rooms. The Roman people by thus multiplying the number of stories in their houses are commodiously lodged."
Vitruvius,De Architectura,2,9,14,"Larix vero, qui non est notus nisi îs municipalibus, quisunt circa ripam fluminis Padi et litora maris Hadriani, non solum ab suci vehementi amaritate ab carie aut tineanon nocetur, sed etiam flammam ex igni non recipit, necipse per se potest ardere, nisi uti saxum in fornace adcalcem coquendam aliis lignis uratur; nec tamen tuncflammam recipit nec carbonem remittit, sed longo spatiotarde comburitur. namque ea materies, quod est minimaignis et aeris e principiis temperatura, umore autem etterreno est spisse solidata, non habet spatia foraminum, qua possit ignis penetrare, reicitque eius vim nec patiturab eo sibi cito noceri, propterque pondus ab aqua nonsustinetur, sed cum portatur, aut in navibus aut supraabiegnas rates conlocatur.","The larch, which is only known in the districts on the banks of the Po and the shores of the Adriatic, on account of the extreme bitterness of its juices, is not subject to rot and attack of the worm, neither will it take fire or burn of itself, but can only be consumed with other wood, as stone is burnt for lime in a furnace; nor even then does it emit flame nor yield charcoal, but, after a long time, gradually consumes away, from the circumstance of its containing very little fire and air. It is, on the contrary, full of water and earth; and being free from pores, by which the fire could penetrate, it repels its power, so that it is not quickly hurt thereby. Its weight is so great, that it will not float in water, when transported to any place, and is either conveyed in vessels, or floated on fir rafts."
Vitruvius,De Architectura,3,3,2,"Ergo pycnostylos est, cuius intercolumnio unius etdimidiatae columnae crassitudo interponi potest, quemadmodum est divi Iulii et in Caesaris foro Veneris etsi quae aliae sic sunt compositae. item systylos est, in quaduarum columnarum crassitudo in intercolumnio poteritconlocari, et spirarum plinthides aeque magnae sint eispatio, quod fuerit inter duas plinthides, quemadmodumest Fortunae Equestris ad theatrum lapideumreliquaeque, quae eisdem rationibus sunt compositae."," PYCNOSTYLOS, is that arrangement wherein the columns are only once and a half their thickness apart, as in the temple of the god Julius, in that of Venus in the forum of Cæsar, and in other similar buildings. SYSTYLOS, is the distribution of columns with an intercolumniation of two diameters: the distance between their plinths is then equal to their front faces. Examples of it are to be seen in the temple of Fortuna Equestris, near the stone theatre, and in other places."
Vitruvius,De Architectura,3,3,5,"In araeostylis autem nec lapideis nec marmoreis epistyliisuti datur, sed inponendae de materia trabes perpetuae. etipsarum aedium species sunt varicae, barycephalae, humiles, latae, ornanturque signis fictilibus aut aereisinauratis earum fastigia tuscanico more, uti est ad CircumMaximum Cereris et Herculis Pompeiani, item Capitolii.","In the ARÆOSTYLOS the architraves are of wood, and not of stone or marble; the different species of temples of this sort are clumsy, heavy roofed, low and wide, and their pediments are usually ornamented with statues of clay or brass, gilt in the Tuscan fashion. Of this species is the temple of Ceres, near the Circus Maximus, that of Hercules, erected by Pompey, and that of Jupiter Capitolinus."
Vitruvius,De Architectura,4,2,2,"Ita unaquaeque res et locum et genus et ordinemproprium tuetur. e quibus rebus et a materiatura fabrili inlapideis et marmoreis aedium sacrarum aedificationibusartifices dispositiones eorum scalpturis sunt imitati et easinventiones persequendas putaverunt. ideo, quod antiquifabri quodam in loco aedificantes, cum ita ab interioribusparietibus ad extremas partes tigna prominentiahabuissent conlocata, inter tigna struxerunt supraquecoronas et fastigia venustiore specie fabrilibus operibusornaverunt, tum proiecturas tignorum, quantumeminebant, ad lineam et perpendiculum parietumpraesecuerunt, quae species cum invenusta îs visa esset,tabellas ita formatas, uti nunc fiunt triglyphi, contratignorum praecisiones in fronte fixerunt et eas ceracaerulea depinxerunt, ut praecisiones tignorum tectae nonoffenderent visum: ita divisiones triglyphorum etmetoparum tignorum dispositione et intertigniûm haberein doricis operibus coeperunt.","Thus each piece has its proper place, origin, and purpose. Hence, following the arrangement of timber framing, workmen have imitated, both in stone and marble, the disposition of timbers in sacred edifices, thinking such a distribution ought to be attended to; because some antientº artificers, having laid the beams so that they ran over from the inner face of the walls, and projected beyond their external face, filled up the spaces between the beams, and ornamented the cornices and upper parts with wood-work elegantly wrought. They then cut off the ends of the beams that projected over the external face of the wall, flush with its face; the appearance whereof being unpleasing, they fixed, on the end of each beam so cut, indented tablets, similar to the triglyphs now in use, and painted them with a waxen composition of a blue colour, so that the ends of the beams in question might not be unpleasant to the eye. Thus the ends of the timbers covered with tablets, indented as just mentioned, gave rise to the triglyph and metopa in the Doric order."
Vitruvius,De Architectura,4,2,3,"Postea alii in aliis operibus ad perpendiculumtriglyphorum cantherios prominentes proiecerunteorumque proiecturas simaverunt. ex eo, uti tignorumdispositionibus triglyphi, ita e cantheriorum proiecturismutulorum sub coronis ratio est inventa. ita fere inoperibus lapideis et marmoreis mutuli inclinatisscalpturis deformantur, quod imitatio est cantheriorum;etenim necessario propter stillicidia proclinaticonlocantur. ergo et triglyphorum et mutulorum in doricisoperibus ratio ex ea imitatione inventa est.","Others, in subsequent works, suffered the rafters' feet above each triglyph, to run over, and hollowed out the projecting inferior surface. Thus, from the arrangement of beams, arose the invention of triglyphs; and, from the projection of the rafters, the use of mutuli under the corona. On which latter account it is observable, that in works of stone and marble the carving of the mutuli is inclined, in imitation of the feet of rafters, whose slope is necessary to carry off the water. Hence we have the imitation of the earliest works to account for the Doric triglyph and mutulus,"
Vitruvius,De Architectura,4,4,4,"Ipsius autem cellae parietum crassitudinem pro rata partemagnitudinis fieri oportet, dum antae eorumcrassitudinibus columnarum sint aequales. et si ex structisfuturi sunt, quam minutissimis caementis struantur, sinautem quadrato saxo aut marmore, maxime modicisparibusque videtur esse faciundum, quod mediacoagmenta medii lapides continentes firmiorem facientomnis operis perfectionem. item circum coagmenta etcubilia eminentes expressiones graphicoteran efficient inaspectu delectationem.","The thickness of the walls of the cell must depend on the magnitude of the work, taking care, however, that the antæ are the same thickness as the columns. If built in the ordinary way, they are to be of small stones, very carefully laid, but if of square stone or marble, the pieces should be chiefly small and of equal size, because then, the upper stones coming over the middle of the joint below them, bind the work together and give it strength; fillets of lime used in pointing the joints and beds give the work an agreeable appearance."
Vitruvius,De Architectura,5,1,1,"Graeci in quadrato amplissimis et duplicibus porticibusfora constituunt crebrisque columnis et lapideis autmarmoreis epistyliis adornant et supra ambulationes incontignationibus faciunt. Italiae vero urbibus non eademest ratione faciendum, ideo quod a maioribus consuetudotradita est gladiatoria munera in foro dari.","The Greeks make their forum square, with a spacious and double portico, ornamenting it with columns placed at narrow intervals, and stone or marble epistylia, and forming walks above on the timber framed work. In the cities of Italy, however, this practice is not followed, because the antientº custom prevails of exhibiting the shows of gladiators in the forum."
Vitruvius,De Architectura,5,3,3,"Fundamentorum autem, si in montibus fuerint, faciliorerit ratio; sed si necessitas coegerit in plano aut palustriloco ea constitui, solidationes substructionesque ita eruntfaciendae, quemadmodum de fundationibus aediumsacrarum in tertio libro est scriptum. insuper fundamentalapideis et marmoreis copiis gradationes ab substructionefieri debent.","The construction of the foundations will be more easily managed, if the work be on a hill; but if we are compelled to lay them on a plain, or in a marshy spot, the piling and foundations must be conducted as described for the foundations of temples in the third book. On the foundations, steps (gradationes) are raised, of stone and marble."
Vitruvius,De Architectura,5,5,7,"Dicet aliquis forte multa theatra quotannis Romae factaesse neque ullam rationem harum rerum in his fuisse; sederrabit in eo, quod omnia publica lignea theatratabulationes habent complures, quas necesse est sonare. hoc vero licet animadvertere etiam ab citharoedis, qui, superiore tono cum volunt canere, avertunt se ad scaenaevalvas et ita recipiunt ab earum auxilio consonantiamvocis. cum autem ex solidis rebus theatra constituuntur, id est ex structura caementorum, lapide, marmore, quaesonare non possunt, tunc echeis hae rationes suntexplicandae.","Some one may perchance urge, that many theatres are yearly built in Rome, without any regard to these matters. But let him not be herein mistaken, inasmuch as all public theatres which are constructed of wood, have many floors, which are necessarily conductors of sound. This circumstance may be illustrated, by consideration of the practice of those that sing to the harp, who when they wish to produce a loud effect, turn themselves to the doors of the scene, by the aid of which their voice is thrown out. But when theatres are constructed of solid materials, that is of rubble, squared stones or marble, which are not conductors of sound, it is necessary to build them according to the rules in question."
Vitruvius,De Architectura,5,9,1,"Post scaenam porticus sunt constituendae, uti, cumimbres repentini ludos interpellaverint, habeat populus,quo se recipiat ex theatro, choragiaque laxamentumhabeant ad comparandum. uti sunt porticus Pompeianae, itemque Athenis porticus Eumenicae Patrisque Liberifanum et exeuntibus e theatro sinistra parte odeum, quodThemistocles columnis lapideis dispositis navium malis etantemnis e spoliis Persicis pertexit (ideo autem etiamincensum Mithridatico bello rex Ariobarzanes restituit);Smyrnae Stratoniceum; Trallibus porticus ex utraqueparte est scaenae supra stadium; ceterisque civitatibus, quae diligentiores habuerunt architectos, circa theatrasunt porticus et ambulationes.",#VALUE!
Vitruvius,De Architectura,5,12,2,"Sin autem non naturalem locum neque idoneum adtuendas ab tempestatibus naves habuerimus, ita videturesse faciendum, uti, si nullum flumen in his locisinpedierit sed erit ex una parte statio, tunc ex altera partestructuris sive aggeribus expediantur progressus, et itaconformandae portuum conclusiones. eae autemstructurae, quae in aqua sunt futurae, videntur sic essefaciendae, uti portetur pulvis a regionibus, quae sunt aCumis continuatae ad promunturium Minervae, isquemisceatur, uti in mortario duo ad unum respondeant.","But, if the place be not thus fitted by nature, nor secure for ships in stormy weather, and there be no river there to prevent it, but on one side there is a proper shore, then on the other side, by means of building or heaps of stones, a projection is run out, and in this the enclosures of harbours are formed. Building in the sea is thus executed. That powder is procured, which is found in the country between Cumæ and the promontory of Minerva, and is mixed with the water in the proportion of two parts thereof to one of lime."
Vitruvius,De Architectura,5,12,3,"Deinde tunc in eo loco, qui definitus erit, arcae stipitibusrobusteis et catenis inclusae in aquam demittendaedestinandaeque firmiter; deinde inter ea extrastilisinferior pars sub aqua exaequanda et purganda, etcaementis ex mortario materia mixta, quemadmodumsupra scriptum est, ibi congerendum, donequecompleatur structurae spatium, quod fuerit inter arcas. hoc autem munus naturale habent ea loca, quae suprascripta sunt.  Sin autem propter fluctus aut impetus aperti pelagidestinae arcas non potuerint continere, tunc ab ipsa terrasive crepidine pulvinus quam firmissime struatur, isquepulvinus exaequata struatur planitia minus quamdimidiae partis, reliquum, quod est proxime litus, proclinatum latus","Then, in the place selected, damsº are formed in the water, of oaken piles tied together with chain pieces, which are driven firmly into the bottom. Between the ranges of piles, below the level of the water, the bed is dug out and levelled, and the work carried up with stones and mortar, compounded as above directed, till the wall fills the vacant space of the dam. If, however, from the violence of the waves and open sea the dams cannot be kept together, then on the edge of the main land, a foundation for a wall is constructed of the greatest possible strength; this foundation is laid horizontally, throughout rather less than half its length; the remainder, which is towards the shore, is made to overhang."
Vitruvius,De Architectura,5,12,5,"In quibus autem locis pulvis non nascitur, his rationibuserit faciendum, uti arcae duplices relatis tabulis et catenisconligatae in eo loco, qui finitus erit, constituantur, etinter destinas creta in aeronibus ex ulva palustri factiscalcetur. cum ita bene calcatum et quam densissimefuerit, tunc cocleis, rotis, tympanis conlocatis locus, qui easaeptione finitus fuerit, exinaniatur sicceturque, et ibiinter saeptiones fundamenta fodiantur. si terrena erunt,usque ad solidum, crassiora quam qui murus suprafuturus erit, et tunc structura ex caementis calce et harenacompleantur.","When the place does not afford the powder named, the following method is to be adopted. Double dams are constructed, well connected with planks and chain pieces, and the cavity between them is filled up with clay and marsh weed well rammed down. When rammed down and squeezed as close as possible, the water is emptied out with screw pumps or water wheels, and the place is emptied and dried, and the foundations excavated. If the bottom be of loose texture, it must be dug out till a solid bottom is come to, wider than the wall about to be erected, and the wall is then built of stone, lime, and sand."
Vitruvius,De Architectura,5,12,6,"Sin autem mollis locus erit, palis ustilatis alneis autoleagineis configantur et carbonibus compleantur, quemadmodum in theatrorum et muri fundationibus estscriptum. deinde tunc quadrato saxo murus ducaturiuncturis quam longissimis, uti maxime medii lapidescoagmentis contineantur. tunc, qui locus erit intermurum, ruderatione sive structura compleatur. ita erit utipossit turris insuper aedificari.","But if the bottom be very soft, alder, olive, or oak piles, previously charred, must be driven, and the intervals between them filled with coals, as directed above for the foundations of theatres and walls. The wall is then raised with squared stones, the joints of which are to be as long as possible, in order that the middle stones may be well tied in. The inside of the wall is then filled with rubble or masonry; and on this, even a tower might be erected."
Vitruvius,De Architectura,6,8,9,"Quibus autem copiarum generibus oporteat uti, non estarchitecti potestas, ideo quod non in omnibus locis omniagenera copiarum nascuntur, ut in primo volumine estexpositum; praeterea in domini est potestate, utrumlatericio an caementicio an saxo quadrato velit aedificare. itaque omnium operum probationes tripertitoconsiderantur, id est fabrili subtilitate et magnificentia etdispositione. cum magnificenter opus perfectumaspicietur, a domini potestate inpensae laudabuntur; cumsubtiliter, officinatoris probabitur exactio; cum verovenuste proportionibus et symmetriis habueritauctoritatem, tunc fuerit gloria architecti.","The quality of the materials it is not in the power of the architect to control: for the same species of materials are not found in every place; and it depends on the employer whether the building shall be of brick, of rough stone, or of squared stone. The merit of every work is considered under three heads; the excellence of the workmanship, and the magnificence and design thereof. When a work is conducted as magnificently as possible, its cost is admired; when well built, the skill of the workman is praised; when beautifully, the merit belongs to the architect, on account of the proportion and symmetry which enter into the design."
Vitruvius,De Architectura,7,1,3,"Tunc insuper statuminetur ne minore saxo, quam quipossit manum implere. statuminationibus inductis, rudussi novum erit, ad tres partes una calcis misceatur, siredivivum fuerit, quinque ad duo mixtionis habeantresponsum. deinde rudus inducatur et vectibus ligneis, decuriis inductis, crebriter pistatione solidetur, et id nonminus pinsum absolutum crassitudine sit dodrantis. insuper ex testa nucleus inducatur mixtionem habens adtres partes unam calcis, ne minore crassitudinepavimentum digitorum senûm. supra nucleum adregulam et libellam exacta pavimenta struantur sivesectilia seu tesseris.","On this is placed a layer of stones, each of which is not to be less than will fill a man's hand. These being spread, the pavement is laid thereon. If the rubbish be new, let three parts of it be mixed with one of lime; but if from old materials, the proportion is five parts to two of lime. It is then laid on, and brought to a solid consistence with wooden beaters and the repeated blows of a number of men, till its thickness is about three quarters of a foot. Over this is spread the upper layer, composed of three parts of potsherd to one of lime, of a thickness not less than• six inches. Over the upper layer the pavement is laid to rule and level, whether composed of slabs or of tesseræ."
Vitruvius,De Architectura,7,4,5,"Foditur enim infra libramentum triclinii altitudo circiterpedum binûm, et solo festucato inducitur aut rudus auttestaceum pavimentum ita fastigatum, ut in canali habeatnares. deinde congestis et spisse calcatis carbonibusinducitur e sabulone et calce et favilla mixta materiescrassitudine semipedali. ad regulam et libellam summolibramento cote despumato redditur species nigripavimenti. ita conviviis eorum et, quod poculis etpytismatis effunditur, simul cadit siccescitque, quiqueversantur ibi ministrantes, etsi nudis pedibus fuerint, nonrecipiunt frigus ab eius modi genere pavimenti.","The floor of the triclinium is excavated to the depth of about• two feet; and after the bottom is well rammed, a pavement of rubbish or potsherds is spread over it, with a declivity towards the holes of the drain. A composition of pounded coals, lime, sand, and ashes, is mixed up and spread thereover, half a foot in thickness, perfectly smooth and level. The surface being then rubbed with stone, it has the appearance of a black pavement. Thus, at their banquets, the liquor that is spilt, and the expectoration which falls on it, immediately dry up; and the persons who wait on the guests, though barefooted, do not suffer from cold on this sort of pavement."
Vitruvius,De Architectura,7,8,3,"Cum in aliquo vase est confusum, si supra id lapideumcentenarium pondus inponatur, natat in summo nequeeum liquorem potest onere suo premere nec elidere necdissipare. centenario sublato si ibi auri scripuluminponatur, non natabit, sed ad imum per se deprimetur. ita non amplitudine ponderis sed genere singularumrerum gravitatem esse non est negandum."," If quicksilver be placed in a vessel, and a stone of a hundred pounds weight be placed on it, it will swim at the top, and will, notwithstanding its weight, be incapable of pressing the liquid so as to break or separate it. If this be taken out, and only a single scruple of gold put in, that will not swim, but immediately descend to the bottom. This is a proof that the gravity of a body does not depend on its weight, but on its nature."
Vitruvius,De Architectura,8,1,2,"Item animadvertendum est quaerentibus aquam, quogenere sint loca; certa enim sunt, in quibus nascitur. increta tenuis et exilis et non alta est copia; ea erit nonoptimo sapore. item sabulone soluto tenuis, sed inferiorisloci invenietur; ea erit limosa et insuavis. terra autemnigra sudores et stillae exiles inveniuntur, quae exhibernis tempestatibus collectae in spissis et solidis locissubsidunt; haec habent optimum saporem. glarea veromediocres et non certae venae reperiuntur; hae quoquesunt egregia suavitate. item sabulone masculo harenaquecarbunculo certiores et stabiliores sunt copiae; eaequesunt bono sapore. rubro saxo et bonae et copiosae, si nonper intervenia dilabantur et liquescant. sub radicibusautem montium et in saxis silicibus uberiores etaffluentiores; eaeque frigidiores sunt et salubriores. campestribus autem fontibus salsae, graves, tepidae, nonsuaves, nisi quae ex montibus sub terra submananteserumpunt in medios campos ibique arborum umbriscontectae praestant montanorum fontium suavitatem.","We should also consider the nature of the place when we search for water. In clay, the vein of water is small, the supply little, and not of the best flavour; and if in low places, it will be muddy and ill tasted. In black earth, only tricklings and small drops are found, which, collected from the winter rain, subside in compact hard places, and are of very excellent flavour. In gravel, the veins are small and variable, but they are exceeding well flavoured. In the strong, common and red sands, the supply is to be depended on with more certainty, and is of good taste. In red stone, abundance and that of good quality may be obtained, if it do not filter away and escape through the pores. At the feet of mountains, and about flinty rocks the supply is copious and abundant; it is there cold and more wholesome. In champaign countries, the springs are salt, gross, tepid, and unpleasant, except those, which percolating from the mountains beneath the surface, issue forth in the plains, where, especially when shadowed by trees, they are as delicious as those of the mountains themselves."
Vitruvius,De Architectura,8,3,2,"Sunt etiam odore et sapore non bono frigidi fontes, qui abinferioribus locis penitus orti per loca ardentia transeuntet ab eo per longum spatium terrae percurrentesrefrigerati perveniunt supra terram sapore, odorecoloreque corrupto, uti in Tiburtina via flumen Albula etin Ardeatino fontes frigidi eodem odore, qui sulphuratidicuntur, et reliquis locis similibus. hi autem, cum suntfrigidi, ideo videntur aspectu fervere, quod, cum inardentem locum alte penitus inciderunt, umore et igniinter se congruentibus offensa vehementi fragore validosrecipiunt in se spiritus, et ita inflati vi venti coactibullientes crebre per fontes egrediuntur. ex his autem quinon sunt aperti, sed grumis aut saxis continentur, perangustas venas vehementia spiritus extruduntur adsummos grumorum tumulos.","There are also cold springs whose smell and taste are bad. These arise in the lower subterranean places, then pass through hot districts, and afterwards continuing their course for a considerable distance, are cold when they rise to the surface, and of a vitiated taste, smell, and colour. Such is the river Albula, in the Tiburtine way: such are the cold fountains in the lands of Ardea, both of a similar smell, which is like sulphur: such, also, are found in other places. But these, though cold, seem, nevertheless, to boil: for, falling from a high place on to a heated soil, and acted on by the meeting of the water and fire, they rush together with great violence and noise; and, apparently inflated by the violence of the compressed air, they issue boiling from the spring. Among them, however, those whose course is not open, but obstructed by stones or other impediments, are, by the force of the air through the narrow pores driven up to the tops of hills."
Vitruvius,De Architectura,8,3,9,"Id autem non est mirandum; nam crebrae sunt ibilapidicinae bituminis duri. cum ergo per bituminosamterram vis erumpit aquae, secum extrahit et, cum sitegressa extra terram, secernitur et ita reicit ab se bitumen. etiamque est in Cappadocia in itinere, quod est interMazaca et Tyana, lacus amplus, in quem lacum pars siveharundinis sive alii generis si demissa fuerit et postero dieexempta, ea pars, quae fuerit exempta, invenietur lapidea, quae autem pars extra aquam manserit, permanet in suaproprietate.","This is not, however, surprising; for in that spot there are many quarries of hard bitumen: hence, when the water bursts out from this bituminous earth, it carries it therewith; and having come forth, the bitumen is separated from it and deposited. In Cappadocia, on the road between Mazaca and Tuana, there is a considerable lake, in which, if a piece of reed or any other substance be cast, and taken out on the following day, it will be found to have been turned into stone; but the part out of water will not have changed its quality."
Vitruvius,De Architectura,8,3,10,"Ad eundem modum Hierapoli Phrygiae effervet aquaecalidae multitudo, e quibus circum hortos et vineas fossisductis inmittitur; haec autem efficitur post annum crustalapidea. ita quotannis dextra ac sinistra margines ex terrafaciundo inducunt eam et efficiunt his crustis in agrissaepta. hoc autem ita videtur naturaliter fieri, quod in îslocis et ea terra, quibus is nascitur, sucus subest coagulinaturae similis; deinde cum commixta vis egreditur perfontes extra terram, a solis et aeris calore cogiturcongelari, ut etiam in areis salinarum videtur.",#VALUE!
Vitruvius,De Architectura,8,3,19,"Eisdem rationibus aes, quod etiam solidiore est natura, similiter curatum si fuerit, dissipabitur et fiet aerugo. itemmargarita. non minus saxa silicea, quae neque ferrumneque ignis potest per se dissolvere, cum ab igni suntpercalefacta, aceto sparso dissiliunt et dissolvuntur. ergocum has res ante oculos ita fieri videamus, ratiocinemurisdem rationibus ex acidis propter acritudinem suci etiamcalculosos e natura rerum similiter posse curari.","In the same way brass which is more solid by nature, if treated in the same way, will dissolve, and become verdigrease; and even pearls and flint-stones, which neither iron nor fire can destroy, when submitted to its action, are dissolved and dissipated by an acid. With these facts before our eyes, we may fairly argue, that calculous disorders may be cured by acids, on account of their acridity."
Vitruvius,De Architectura,8,3,21,"Arcadia vero civitas est non ignota Clitor, in cuius agris estspelunca profluens aqua, e qua qui biberint, fiuntabstemii. ad eum autem fontem epigramma est in lapideinscriptum hac sententia versibus graecis: eam non esseidoneam ad lavandum, sed etiam inimicam vitibus, quodapud eum fontem Melampus sacrificiis purgavissetrabiem Proeti filiarum restituissetque earum virginummentes in pristinam sanitatem. epigramma autem est id, quod est subscriptum: “??????, ??? ???????? ????????????? ?? ?? ?????? ???? ?? ???? ??? ?????? ????? ????, ?? ?? ??? ???? ????? ??? ???????? ????????? ?????????, ???? ??? ??? ?????? ?????? ???? ??? ???? ??????? ???????? ?????? ??? ?? ??? ????????: ??1?? 2 ????? ????? ?????: ????? ?? ???? ????? ??????????, ???? ????????? ????????? ?????? ????????? ???????? ????????? ?????? ????????? ???????? ????? ???????? ?????? ?????????, <???? ??? ????????? ????? ???????? ?????? ????????>."," In Arcadia, at the well-known city of Clitorium, is a cave flowing with water, of which those who drink become abstemious. At the spring is an epigram inscribed on stone, in Greek verses, to the following effect: that it is not fit for bathing, and also that it is injurious to the vine, because, near the spot, Melampus cured the daughters of Proteus of their madness, and restored them to reason. "
Vitruvius,De Architectura,8,6,3,"Sin autem medii montes erunt inter moenia et caputfontis, sic erit faciendum, uti specus fodiantur sub terralibrenturque ad fastigium, quod supra scriptum est. et sitofus erit aut saxum, in suo sibi canalis excidatur, sinautem terrenum aut harenosum erit, solum et parietescum camara in specu struantur et ita perducatur. puteiqueita sint facti, uti inter duos sit actus.","If hills intervene between the city walls and the spring head, tunnels under ground must be made preserving the fall above assigned; if the ground cut through be sandstone or stone, the channel may be cut therein, but if the soil be earth or gravel, side walls must be built, and an arch turned over, and through this the water may be conducted. The distance between the shafts over the tunnelled part is to be •one hundred and twenty feet."
Vitruvius,De Architectura,8,6,8,"Sin autem minore sumptu voluerimus, sic est faciendum. tubuli crasso corio ne minus duorum digitorum fiant, sedita hi tubuli ex una parte sint lingulati, ut alius in aliuminire convenireque possint. coagmenta autem eorum calceviva ex oleo subacta sunt inlinienda, et in declinationibuslibramenti ventris lapis est ex saxo rubro in ipso geniculoconlocandus isque perterebratus, uti ex decursu tubulusnovissimus in lapide coagmentetur et primus ex librativentris; ad eundem modum adversum clivum etnovissimus librati ventris in cavo saxi rubri haereat etprimus expressionis ad eundem modum coagmentetur.","But if the water must be conveyed more economically, the following means may be adopted. Thick earthen tubes are to be provided, not less than •two inches in thickness, and tongued at one end, so that they may fit into one another. The joints are then to be coated with a mixture of quick lime and oil, and in the elbows made by the level part of the venter, instead of the pipe, must be placed a block of red stone, which is to be perforated, so that the last length of inclined pipe, as well as the first length of the level part may be received into it. Then, on the opposite side, were the acclivity begins, the block of red stone receives the last length of the venter, and the first length of the rising pipe."
Vitruvius,De Architectura,9,8,5,"Namque aequaliter per id cavum influens aqua sublevatscaphium inversum, quod ab artificibus phellos sivetympanum dicitur. in quo conlocata est regula iuxtaversatile tympanum. denticulis aequalibus sunt perfecta,qui denticuli alius alium inpellentes versationes modicasfaciunt et motiones. item aliae regulae aliaque tympana adeundem modum dentata una motione coacta versandofaciunt effectus varietatesque motionum, quibusmoventur sigilla, vertuntur metae, calculi aut ovaproiciuntur, bucinae canunt, reliquaque parerga.","the water flowing through the hole equably, raises an inverted bowl, called by the workmen phellos, or the tympanum, with which are connected a rule and revolving drum wheels with perfectly equal teeth, which teeth, acting on one another, produce revolutions and measured motion. There are other rules and other wheels, toothed in a similar manner, which acted upon by the same force in their revolutions, produce different species of motion, by which figures are made to move, cones are turned round, stones or oviform bodies are ejected, trumpets sounded, and similar conceits effected."
Vitruvius,De Architectura,10,2,2,"In quadris autem tignorum posterioribus, quo loci suntdivaricata, figuntur chelonia, in quae coiciuntursucularum capita, ut faciliter axes versentur. eae suculaeproxime capita habent foramina bina ita temperata, utvectes in ea convenire possint. ad rechamum autem imumferrei forfices religantur, quorum dentes in saxa forataaccommodantur. cum autem funis habet caput adsuculam religatum et vectes ducentes eam versant, funisse involvendo circum suculam extenditur et ita sublevatonera ad altitudinem et operum conlocationes.","On the back faces of the pieces of timber, where they diverge, are fixed socket-pieces (chelonia), for the gudgeons of the axles to work, so that they may revolve freely. The axles at the ends near the gudgeons, are pierced with two holes, so adjusted as to fit and receive the levers. Iron shears are then made fast to the under part of the lower block, whose teeth are received in holes cut in the piece of stone, for the purpose. The loose end of the rope being now attached to the axle, and that turned round by means of the levers, the rope, in winding round the axle, raises the weight to its height and place in the work."
Vitruvius,De Architectura,10,2,12,"Cum autem scapos omnes ita vexerant et instabantepistyliorum vecturae, filius Chersiphronos Metagenestranstulit ex scaporum vectura etiam in epistyliorumdeductione. fecit enim rotas circiter pedum duodenûm etepistyliorum capita in medias rotas inclusit; item bucculisligneis capita religavit; eadem ratione cnodaces incapitibus armillis inclusit: ita cum trientes a bubusducerentur, in armillis inclusi cnodaces versabant rotas, epistylia vero inclusa uti axes in rotis eadem ratione, quascapi, sine mora ad opus pervenerunt. exemplar autemerit eius, quemadmodum in palaestris cylindri exaequantambulationes. neque hoc potuisset fieri, nisi primumpropinquitas esset—non enim plus sunt ab lapidicinis adfanum milia passuum octo—nec ullus est clivus sedperpetuus campus.","The shafts having been thus transported, the entablatures were to be removed, when Metagenes the son of Chersiphron, applied the principle upon which the shafts had been conveyed to the removal of those also. He constructed wheels about twelve feet diameter, and fixed the ends of the blocks of stone whereof the entablature was composed into them; pivots and gudgeons were then prepared to receive them in the manner just described, so that when the oxen drew the machine, the pivots turning in the gudgeons, caused the wheels to revolve, and thus the blocks, being enclosed like axles in the wheels, were brought to the work without delay, as were the shafts of the columns. An example of this species of machine may be seen in the rolling stone used for smoothing the walks in palæstræ. But the method would not have been practicable for any considerable distance. From the quarries to the temple is a length of not more than •eight thousand feet, and the interval is a plain without any declivity."
Vitruvius,De Architectura,10,2,14,"Rotas enim circiter pedum XV fecit et in his rotis capitalapidis inclusit, deinde circa lapidem fusos sextantales abrota ad rotam ad circinum compegit, ita uti fusus a fusonon distaret pedem esse unum. deinde circa fusos funeminvolvit et bubus iunctis funem ducebant. ita cumexplicaretur, volvebat rotas, sed non poterat ad lineam viarecta ducere, sed exibat in unam partem. ita necesse eratrursus retroducere. sic Paconius ducendo et reducendopecuniam contricavit, ut ad solvendum non esset.","He made two wheels •about fifteen feet in diameter, and fitted the ends of the stone into these wheels. To connect the two wheels he framed into them, round their circumference, small pieces of •two inches square not more than one foot apart, each extending from one wheel to the other, and thus enclosing the stone. Round these bars a rope was coiled, to which the traces of the oxen were made fast, and as it was drawn out, the stone rolled on by means of the wheels, but the machine by its constantly swerving from a direct straightforward path, stood in need of constant rectification, so that Pæonius was at last without money for the completion of his contract."
Vitruvius,De Architectura,10,5,2,"Eadem ratione etiam versantur hydraletae, in quibuseadem sunt omnia, praeterquam quod in uno capite axistympanum dentatum est inclusum. id autem adperpendiculum conlocatum in cultrum versatur cum rotapariter. secundum id tympanum maius minus itemdentatum planum est conlocatum, quo continetur * * * ita dentes tympani eius, quod est in axe inclusum, inpellendo dentes tympani plani cogunt fieri molarumcircinationem. in qua machina inpendens infundibulumsubministrat molis frumentum et eadem versationesubigitur farina.","Water mills are turned on the same principle, and are in all respects similar, except that at one end of the axis they are provided with a drum-wheel, toothed and framed fast to the said axis; this being placed vertically on the edge turns round with the wheel. Corresponding with the drum-wheel a larger horizontal toothed wheel is placed, working on an axis whose upper head is in the form of a dovetail, and is inserted into the mill-stone. Thus the teeth of the drum-wheel which is made fast to the axis acting on the teeth of the horizontal wheel, produce the revolution of the mill-stones, and in the engine a suspended hopper supplying them with grain, in the same revolution the flour is produced."
Vitruvius,De Architectura,10,11,1,"Catapultarum rationes, e quibus membris ex portionibuscomponantur, dixi. ballistarum autem rationes variaesunt et differentes unius effectus causa comparatae. aliaeenim vectibus suculis, nonnullae polyspastis, aliae ergatis, quaedam etiam tympanorum torquentur rationibus. sedtamen nulla ballista perficitur nisi ad propositammagnitudinem ponderis saxi, quod id organum mitteredebet. igitur de ratione earum non est omnibusexpeditum, nisi qui geometricis rationibus numeros etmultiplicationes habent notas.","I have explained the structure of catapultæ, their parts and proportions. The constructions of balistæ are various and different, though contrived to produce similar effects. Some of these are worked by windlasses, others by systems of pulleys, others by capstans, and others by wheels: no balista, however, is made without regard to the weight of the stones it is intended to throw. Hence the rules will only be understood by those who are acquainted with arithmetical numbers and their powers."
Vitruvius,De Architectura,10,11,2,"Nam quae fiunt in capitibus foramina, per quorum spatiacontenduntur capillo maxime muliebri vel nervo funes, magnitudine ponderis lapidis, quem debet ea ballistamittere, ex ratione gravitatis proportiones sumuntur, quemadmodum catapultis de longitudinibus sagittarum. itaque ut etiam qui geometricen non noverunt, habeantexpeditum, ne in periculo bellico cogitationibusdetineantur, quae ipse faciundo certa cognovi quaeque exparte accepi a praeceptoribus, finita exponam, et quibusponderibus Graecorum pensiones ad modulos habeantrationem, ad eam ut etiam nostris ponderibusrespondeant, tradam explicata.","For instance, holes are made in the capitals, and through them are brought the cords, made either of woman's hair, or of gut, which are proportioned to the weight of the stone that the balista is to throw, as in the catapultæ the proportions are derived from the length of the arrow. But that those who are not masters of geometry and arithmetic, may be prepared against delay on the occasions of war, I shall here state the results of my own experience as well as what I have learnt from masters, and shall explain them, by reducing the Greek measures to their correspondent terms in our own."
Vitruvius,De Architectura,10,11,3,"Nam quae ballista duo pondo saxum mittere debet, foramen erit in eius capitulo digitorum V; si pondo IIII, digitorum sex et 
* * * digitorum VII; decem pondo digitorum VIII; viginti pondo digitorum X; XL pondo digitorum XII SK; LX pondo digitorum XIII et digiti octava parte; LXXX pondo digitorum XV; CXX pondo I pedis et sesquidigiti; C et LX pedis I9; C et LXXX pedis et digitorum V; CC pondo pedis et digitorum VI; CC et XL pondo pedis I et digitorum VII; CCCLX 
* * * pedis I S.","A balista capable of throwing a stone of •two pounds should have the hole (foramen) in the capital •five digits wide; for •a stone of four pounds, six digits; for •a stone of six pounds, seven digits; for •a stone of ten pounds, eight digits; for•a stone of twenty pounds, ten digits; for •a stone of forty pounds, twelve digits and nine sixteenths;d for •a stone of sixty pounds, thirteen digits and one eighth; for •one of eighty pounds, fifteen digits; for •one of one hundred and twenty pounds, one foot and a half and a digit and a half; for •one of a hundred and sixty pounds, two feet; for •one of a hundred and eighty pounds, two feet and five digits; for •one of two hundred pounds, two feet and six digits; for •one of two hundred and ten pounds, two feet and seven digits: and lastly, for •one of two hundred and fifty pounds, eleven feet and a half."
Vitruvius,De Architectura,10,16,9,"Non minus Chio cum supra naves sambucarum machinashostes comparavissent, noctu Chii terram, harenam,lapides progesserunt in mare ante murum. ita illi posterodie cum accedere voluissent, naves supra aggerationem,quae fuerat sub aqua, sederunt nec ad murum accederenec retrorsus se recipere potuerunt, sed ibi malleolisconfixae incendio sunt conflagratae. Apollonia quoquecum circumsederetur et specus hostes fodiendo cogitarentsine suspicione intra moenia penetrare, id autem aspeculatoribus esset Apolloniatibus renuntiatum, perturbati nuntio propter timorem consiliis indigentesanimis deficiebant, quod neque tempus neque certumlocum scire poterant, quo emersum facturi fuissenthostes.","A similar circumstance occurred at Chios, where the enemy had got ready sambucæ on board their ships; the Chians, during the night, threw into the sea, at the foot of their wall, earth, sand, and stones; so that when the enemy, on the following day, endeavoured to approach it, the ships got aground on the heaps thus created under water, without being able to approach the wall or to recede; in which situation they were assailed with lighted missiles, and burnt. When, also, the city of Apollonia was besieged, and the enemy was in hopes, by undermining, to penetrate the fortress unperceived; the spies communicated this intelligence to the Apollonians, who were dismayed, and, through fear, knew not how to act, because they were not aware at what time, nor in what precise spot, the enemy would make his appearance."
,,,,,,
,,,,,,
,,,,,,
,,,,,,
,,,,,,
,,,,,,
,,,,,,
,,,,,,
,,,,,,
,,,,,,
,,,,,,
,,,,,,
,,,,,,
,,,,,,
,,,,,,
,,,,,,
,,,,,,
,,,,,,
,,,,,,
,,,,,,
,,,,,,
,,,,,,
,,,,,,
,,,,,,
,,,,,,
,,,,,,
,,,,,,
,,,,,,
,,,,,,
,,,,,,
,,,,,,
,,,,,,
,,,,,,
,,,,,,
,,,,,,
,,,,,,
,,,,,,
,,,,,,
,,,,,,
,,,,,,
,,,,,,
,,,,,,
,,,,,,
,,,,,,
,,,,,,
,,,,,,
,,,,,,
,,,,,,
,,,,,,
,,,,,,
,,,,,,
,,,,,,
,,,,,,
,,,,,,
,,,,,,
,,,,,,
,,,,,,
,,,,,,
,,,,,,
,,,,,,
,,,,,,
,,,,,,
,,,,,,
,,,,,,
,,,,,,
,,,,,,
,,,,,,
,,,,,,
,,,,,,
,,,,,,
,,,,,,
,,,,,,
,,,,,,
,,,,,,
,,,,,,
,,,,,,
,,,,,,
,,,,,,
,,,,,,
,,,,,,
,,,,,,
,,,,,,
,,,,,,
,,,,,,
,,,,,,
,,,,,,
,,,,,,
,,,,,,
,,,,,,
,,,,,,
,,,,,,
,,,,,,
,,,,,,
,,,,,,
,,,,,,
,,,,,,
,,,,,,
,,,,,,
,,,,,,
,,,,,,
,,,,,,
,,,,,,
,,,,,,
,,,,,,
,,,,,,
,,,,,,
,,,,,,
,,,,,,
,,,,,,
,,,,,,
,,,,,,
,,,,,,
,,,,,,
,,,,,,
,,,,,,
,,,,,,
,,,,,,
,,,,,,
,,,,,,
,,,,,,
,,,,,,
,,,,,,
,,,,,,
,,,,,,
,,,,,,
,,,,,,
,,,,,,
,,,,,,
,,,,,,
,,,,,,
,,,,,,
,,,,,,
,,,,,,
,,,,,,
,,,,,,
,,,,,,
,,,,,,
,,,,,,
,,,,,,
,,,,,,
,,,,,,
,,,,,,
,,,,,,
,,,,,,
,,,,,,
,,,,,,
,,,,,,
,,,,,,
,,,,,,
,,,,,,
,,,,,,
,,,,,,
,,,,,,
,,,,,,
,,,,,,
,,,,,,
,,,,,,
,,,,,,
,,,,,,
,,,,,,
,,,,,,
,,,,,,
,,,,,,
,,,,,,
,,,,,,
,,,,,,
,,,,,,
,,,,,,
,,,,,,
,,,,,,
,,,,,,
,,,,,,
,,,,,,
,,,,,,
,,,,,,
,,,,,,
,,,,,,
,,,,,,
,,,,,,
,,,,,,
,,,,,,
,,,,,,
,,,,,,
,,,,,,
,,,,,,
,,,,,,
,,,,,,
,,,,,,
,,,,,,
,,,,,,
,,,,,,
,,,,,,
,,,,,,
,,,,,,
,,,,,,
,,,,,,
,,,,,,
,,,,,,
,,,,,,
,,,,,,
,,,,,,
,,,,,,
,,,,,,
,,,,,,
,,,,,,
,,,,,,
,,,,,,
,,,,,,
,,,,,,
,,,,,,
,,,,,,
,,,,,,
,,,,,,
,,,,,,
,,,,,,
,,,,,,
,,,,,,
,,,,,,
,,,,,,
,,,,,,
,,,,,,
,,,,,,
,,,,,,
,,,,,,
,,,,,,
,,,,,,
,,,,,,
,,,,,,
,,,,,,
,,,,,,
,,,,,,
,,,,,,
,,,,,,
,,,,,,
,,,,,,
,,,,,,
,,,,,,
,,,,,,
,,,,,,
,,,,,,
,,,,,,
,,,,,,
,,,,,,
,,,,,,
,,,,,,
,,,,,,
,,,,,,
,,,,,,
,,,,,,
,,,,,,
,,,,,,
,,,,,,
,,,,,,
,,,,,,
,,,,,,
,,,,,,
,,,,,,
,,,,,,
,,,,,,
,,,,,,
,,,,,,
,,,,,,
,,,,,,
,,,,,,
,,,,,,
,,,,,,
,,,,,,
,,,,,,
,,,,,,
,,,,,,
,,,,,,
,,,,,,
,,,,,,
,,,,,,
,,,,,,
,,,,,,
,,,,,,
,,,,,,
,,,,,,
,,,,,,
,,,,,,
,,,,,,
,,,,,,
,,,,,,
,,,,,,
,,,,,,
,,,,,,
,,,,,,
,,,,,,
,,,,,,
,,,,,,
,,,,,,
,,,,,,
,,,,,,
,,,,,,
,,,,,,
,,,,,,
,,,,,,
,,,,,,
,,,,,,
,,,,,,
,,,,,,
,,,,,,
,,,,,,
,,,,,,
,,,,,,
,,,,,,
,,,,,,
,,,,,,
,,,,,,
,,,,,,
,,,,,,
,,,,,,
,,,,,,
,,,,,,
,,,,,,
,,,,,,
,,,,,,
,,,,,,
,,,,,,
,,,,,,
,,,,,,
,,,,,,
,,,,,,
,,,,,,
,,,,,,
,,,,,,
,,,,,,
,,,,,,
,,,,,,
,,,,,,
,,,,,,
,,,,,,
,,,,,,
,,,,,,
,,,,,,
,,,,,,
,,,,,,
,,,,,,
,,,,,,
,,,,,,
,,,,,,
,,,,,,
,,,,,,
,,,,,,
,,,,,,
,,,,,,
,,,,,,
,,,,,,
,,,,,,
,,,,,,
,,,,,,
,,,,,,
,,,,,,
,,,,,,
,,,,,,
,,,,,,
,,,,,,
,,,,,,
,,,,,,
,,,,,,
,,,,,,
,,,,,,
,,,,,,
,,,,,,
,,,,,,
,,,,,,
,,,,,,
,,,,,,
,,,,,,
,,,,,,
,,,,,,
,,,,,,
,,,,,,
,,,,,,
,,,,,,
,,,,,,
,,,,,,
,,,,,,
,,,,,,
,,,,,,
,,,,,,
,,,,,,
,,,,,,
,,,,,,
,,,,,,
,,,,,,
,,,,,,
,,,,,,
,,,,,,
,,,,,,
,,,,,,
,,,,,,
,,,,,,
,,,,,,
,,,,,,
,,,,,,
,,,,,,
,,,,,,
,,,,,,
,,,,,,
,,,,,,
,,,,,,
,,,,,,
,,,,,,
,,,,,,
,,,,,,
,,,,,,
,,,,,,
,,,,,,
,,,,,,
,,,,,,
,,,,,,
,,,,,,
,,,,,,
,,,,,,
,,,,,,
,,,,,,
,,,,,,
,,,,,,
,,,,,,
,,,,,,
,,,,,,
,,,,,,
,,,,,,
,,,,,,
,,,,,,
,,,,,,
,,,,,,
,,,,,,
,,,,,,
,,,,,,
,,,,,,
,,,,,,
,,,,,,
,,,,,,
,,,,,,
,,,,,,
,,,,,,
,,,,,,
,,,,,,
,,,,,,
,,,,,,
,,,,,,
,,,,,,
,,,,,,
,,,,,,
,,,,,,
,,,,,,
,,,,,,
,,,,,,
,,,,,,
,,,,,,
,,,,,,
,,,,,,
,,,,,,
,,,,,,
,,,,,,
,,,,,,
,,,,,,
,,,,,,
,,,,,,
,,,,,,
,,,,,,
,,,,,,
,,,,,,
,,,,,,
,,,,,,
,,,,,,
,,,,,,
,,,,,,
,,,,,,
,,,,,,
,,,,,,
,,,,,,
,,,,,,
,,,,,,
,,,,,,
,,,,,,
,,,,,,
,,,,,,
,,,,,,
,,,,,,
,,,,,,
,,,,,,
,,,,,,
,,,,,,
,,,,,,
,,,,,,
,,,,,,
,,,,,,
,,,,,,
,,,,,,
,,,,,,
,,,,,,
,,,,,,
,,,,,,
,,,,,,
,,,,,,
,,,,,,
,,,,,,
,,,,,,
,,,,,,
,,,,,,
,,,,,,
,,,,,,
,,,,,,
,,,,,,
,,,,,,
,,,,,,
,,,,,,
,,,,,,
,,,,,,
,,,,,,
,,,,,,
,,,,,,
,,,,,,
,,,,,,
,,,,,,
,,,,,,
,,,,,,
,,,,,,
,,,,,,
,,,,,,
,,,,,,
,,,,,,
,,,,,,
,,,,,,
,,,,,,
,,,,,,
,,,,,,
,,,,,,
,,,,,,
,,,,,,
,,,,,,
,,,,,,
,,,,,,
,,,,,,
,,,,,,
,,,,,,
,,,,,,
,,,,,,
,,,,,,
,,,,,,
,,,,,,
,,,,,,
,,,,,,
,,,,,,
,,,,,,
,,,,,,
,,,,,,
,,,,,,
,,,,,,
,,,,,,
,,,,,,
,,,,,,
,,,,,,
,,,,,,
,,,,,,
,,,,,,
,,,,,,
,,,,,,
,,,,,,
,,,,,,
,,,,,,
,,,,,,
,,,,,,
,,,,,,
,,,,,,
,,,,,,
,,,,,,
,,,,,,
,,,,,,
,,,,,,
,,,,,,
,,,,,,
,,,,,,
,,,,,,
,,,,,,
,,,,,,
,,,,,,
,,,,,,
,,,,,,
,,,,,,
,,,,,,
,,,,,,
,,,,,,
,,,,,,
,,,,,,
,,,,,,
,,,,,,
,,,,,,
,,,,,,
,,,,,,
,,,,,,
,,,,,,
,,,,,,
,,,,,,
,,,,,,
,,,,,,
,,,,,,
,,,,,,
,,,,,,
,,,,,,
,,,,,,
,,,,,,
,,,,,,
,,,,,,
,,,,,,
,,,,,,
,,,,,,
,,,,,,
,,,,,,
,,,,,,
,,,,,,
,,,,,,
,,,,,,
,,,,,,
,,,,,,
,,,,,,
,,,,,,
,,,,,,
,,,,,,
,,,,,,
,,,,,,
,,,,,,
,,,,,,
,,,,,,
,,,,,,
,,,,,,
,,,,,,
,,,,,,
,,,,,,
,,,,,,
,,,,,,
,,,,,,
,,,,,,
,,,,,,
,,,,,,
,,,,,,
,,,,,,
,,,,,,
,,,,,,
,,,,,,
,,,,,,
,,,,,,
,,,,,,
,,,,,,
,,,,,,
,,,,,,
,,,,,,
,,,,,,
,,,,,,
,,,,,,
,,,,,,
,,,,,,
,,,,,,
,,,,,,
,,,,,,
,,,,,,
,,,,,,
,,,,,,
,,,,,,
,,,,,,
,,,,,,
,,,,,,
,,,,,,
,,,,,,
,,,,,,
,,,,,,
,,,,,,
,,,,,,
,,,,,,
,,,,,,
,,,,,,
,,,,,,
,,,,,,
,,,,,,
,,,,,,
,,,,,,
,,,,,,
,,,,,,
,,,,,,
,,,,,,
,,,,,,
,,,,,,
,,,,,,
,,,,,,
,,,,,,
,,,,,,
,,,,,,
,,,,,,
,,,,,,
,,,,,,
,,,,,,
,,,,,,
,,,,,,
,,,,,,
,,,,,,
,,,,,,
,,,,,,
,,,,,,
,,,,,,
,,,,,,
,,,,,,
,,,,,,
,,,,,,
,,,,,,
,,,,,,
,,,,,,
,,,,,,
,,,,,,
,,,,,,
,,,,,,
,,,,,,
,,,,,,
,,,,,,
,,,,,,
,,,,,,
,,,,,,
,,,,,,
,,,,,,
,,,,,,
,,,,,,
,,,,,,
,,,,,,
,,,,,,
,,,,,,
,,,,,,
,,,,,,
,,,,,,
,,,,,,
,,,,,,
,,,,,,
,,,,,,
,,,,,,
,,,,,,
,,,,,,
,,,,,,
,,,,,,
,,,,,,
,,,,,,
,,,,,,
,,,,,,
,,,,,,
,,,,,,
,,,,,,
,,,,,,
,,,,,,
,,,,,,
,,,,,,
,,,,,,
,,,,,,
,,,,,,
,,,,,,
,,,,,,
,,,,,,
,,,,,,
,,,,,,
,,,,,,
,,,,,,
,,,,,,
,,,,,,
,,,,,,
,,,,,,
,,,,,,
,,,,,,
,,,,,,
,,,,,,
,,,,,,
,,,,,,
,,,,,,
,,,,,,
,,,,,,
,,,,,,
,,,,,,
,,,,,,
,,,,,,
,,,,,,
,,,,,,
,,,,,,
,,,,,,
,,,,,,
,,,,,,
,,,,,,
,,,,,,
,,,,,,
,,,,,,
,,,,,,
,,,,,,
,,,,,,
,,,,,,
,,,,,,
,,,,,,
,,,,,,
,,,,,,
,,,,,,
,,,,,,
,,,,,,
,,,,,,
,,,,,,
,,,,,,
,,,,,,
,,,,,,
,,,,,,
,,,,,,
,,,,,,
,,,,,,
,,,,,,
,,,,,,
,,,,,,
,,,,,,
,,,,,,
,,,,,,
,,,,,,
,,,,,,
,,,,,,
,,,,,,
,,,,,,
,,,,,,
,,,,,,
,,,,,,
,,,,,,
,,,,,,
,,,,,,
,,,,,,
,,,,,,
,,,,,,
,,,,,,
,,,,,,
,,,,,,
,,,,,,
,,,,,,
,,,,,,
,,,,,,
,,,,,,
,,,,,,
,,,,,,
,,,,,,
,,,,,,
,,,,,,
,,,,,,
,,,,,,
,,,,,,
,,,,,,
,,,,,,
,,,,,,
,,,,,,
,,,,,,
,,,,,,
,,,,,,
,,,,,,
,,,,,,
,,,,,,
,,,,,,
,,,,,,
,,,,,,
,,,,,,
,,,,,,
,,,,,,
,,,,,,
,,,,,,
,,,,,,
,,,,,,
,,,,,,
,,,,,,
,,,,,,
,,,,,,
,,,,,,
,,,,,,
,,,,,,
,,,,,,
,,,,,,
,,,,,,
,,,,,,
,,,,,,
,,,,,,
,,,,,,
,,,,,,
,,,,,,
,,,,,,
,,,,,,
,,,,,,
,,,,,,
,,,,,,
,,,,,,
,,,,,,
,,,,,,
,,,,,,
,,,,,,
,,,,,,
,,,,,,
,,,,,,
,,,,,,
,,,,,,
,,,,,,
,,,,,,
,,,,,,
,,,,,,
,,,,,,
,,,,,,
,,,,,,
,,,,,,
,,,,,,
,,,,,,
,,,,,,
,,,,,,
,,,,,,
,,,,,,
,,,,,,
,,,,,,
,,,,,,
,,,,,,
,,,,,,
,,,,,,
,,,,,,
,,,,,,
,,,,,,
,,,,,,
,,,,,,
,,,,,,
,,,,,,
,,,,,,
,,,,,,
,,,,,,
,,,,,,
,,,,,,
,,,,,,
,,,,,,
,,,,,,
,,,,,,
,,,,,,
,,,,,,
,,,,,,
,,,,,,
,,,,,,
